variable;mean;variance
postWeight;-1.0373108043430328;0.08601064880969662
postThreshold;-4.809624710877233;9.653623138701038
