variable;mean;variance
postWeight;1.1211233541225408E-17;5.552428946569036E-33
postThreshold;8.28827179118292;1.6239670411534828
