variable;mean;variance
postWeight;-4.303792037209787;0.6735017532659316
postThreshold;0.05954110420455305;1.55007823440973
