variable; mean; variance
postWeight;-1.5410092836664522;0.16299580147692858
postThreshold;2.899693973692554;3.6163154568757925
